{
  "project_info": {
    "project_number": "642704894678",
    "project_id": "mydepannage-f5484",
    "storage_bucket": "mydepannage-f5484.appspot.com"
  },
  "client": [
    {
      "client_info": {
        "mobilesdk_app_id": "1:642704894678:android:0438aaac23893ccd8e3777",
        "android_client_info": {
          "package_name": "com.app.mydepannage"
        }
      },
      "oauth_client": [],
      "api_key": [
        {
          "current_key": "AIzaSyDLOhGdjrGBGP9jtVkiXCPwA5xeZoL8r_w"
        }
      ],
      "services": {
        "appinvite_service": {
          "other_platform_oauth_client": []
        }
      }
    },
    {
      "client_info": {
        "mobilesdk_app_id": "1:642704894678:android:14d301000bc081f78e3777",
        "android_client_info": {
          "package_name": "com.app.prodepannage"
        }
      },
      "oauth_client": [],
      "api_key": [
        {
          "current_key": "AIzaSyDLOhGdjrGBGP9jtVkiXCPwA5xeZoL8r_w"
        }
      ],
      "services": {
        "appinvite_service": {
          "other_platform_oauth_client": []
        }
      }
    }
  ],
  "configuration_version": "1"
}